,Title,Score,URL,Timestamp,ID
0,"b""Genes aren't always fair""",25630,b'https://i.redd.it/cwxsq4a8ovg71.png',2021-08-12 12:46:55,p2uu5q
1,b'Mods Gay Haha',16436,b'https://i.redd.it/b6ilgkj6avg71.jpg',2021-08-12 11:28:14,p2tuns
2,"b""haha pointless you understand that because he's a triangle hahaha""",2500,b'https://i.redd.it/1eowcn3kxrg71.jpg',2021-08-12 00:12:03,p2ja69
3,b'Bruh',116,b'https://i.redd.it/rbtig61icvg71.png',2021-08-12 11:41:17,p2u12l
4,b'Has It Been Too Long Since Your Last Checkup?',6611,b'https://i.redd.it/ihof9qe9rdg71.jpg',2021-08-10 00:31:48,p180tv
5,"b'For real, how??'",16739,b'https://i.redd.it/3gpnch35ovg71.png',2021-08-12 12:46:46,p2uu3u
6,"b'Very sad, anyway'",10020,b'https://i.redd.it/y1gbui6yzvg71.jpg',2021-08-12 13:52:35,p2vlsg
7,b'Finally',27125,b'https://i.redd.it/c305rylziug71.jpg',2021-08-12 08:55:56,p2rhn7
8,b'You dumb motherfucker',9858,b'https://i.redd.it/hh2rq8kltvg71.jpg',2021-08-12 13:17:00,p2v76y
9,b'I wish I never saw this',5378,b'https://i.redd.it/flw1y60rivg71.png',2021-08-12 12:16:23,p2ugkh
10,b'Much better',11429,b'https://i.redd.it/ofxsl3l8nvg71.jpg',2021-08-12 12:41:20,p2urqd
11,"b""A killer's mind is so bizzare tbh""",5405,b'https://i.redd.it/0egadmm7dvg71.jpg',2021-08-12 11:45:08,p2u2vq
12,b'Crappy service energy',14617,b'https://i.redd.it/ggkc021lpug71.gif',2021-08-12 09:32:43,p2s5rp
13,b'wasn\xe2\x80\x99t last week march ?',4948,b'https://i.redd.it/8p2w4i6lxvg71.jpg',2021-08-12 13:39:21,p2vgak
14,"b""Thanks bro I'm good""",12294,b'https://i.redd.it/9vsrojtlfvg71.jpg',2021-08-12 11:58:33,p2u8qu
15,b'Apple Chad',17805,b'https://i.redd.it/snft4u0q9vg71.png',2021-08-12 11:25:41,p2ttgj
16,b'Il not the only one right?',10448,b'https://i.redd.it/d18us3y1dvg71.jpg',2021-08-12 11:44:16,p2u2gw
17,b'Sacrilege',11705,b'https://i.redd.it/tvjxr8eigvg71.jpg',2021-08-12 12:03:37,p2uazy
18,b'thank you brother',4059,b'https://i.redd.it/5uig1l2mwvg71.jpg',2021-08-12 13:33:52,p2ve1u
19,b'Nobody likes them',23094,b'https://i.redd.it/z33qgyw1zug71.jpg',2021-08-12 10:25:57,p2szoi
20,b'Homo erectus',3757,b'https://i.redd.it/3srycfbuavg71.gif',2021-08-12 11:31:52,p2twkx
21,b'Back to work',21463,b'https://i.redd.it/f8j66s1zwug71.gif',2021-08-12 10:14:44,p2stl9
22,b'we appreciate you shen!',3427,b'https://i.redd.it/3zizpkcryvg71.jpg',2021-08-12 13:45:55,p2vj1o
23,b'it has become an unconscious practice at this point',3654,b'https://i.redd.it/3hk15gkasvg71.jpg',2021-08-12 13:09:41,p2v42u
24,b'Did you try to bing in?',5741,b'https://i.redd.it/prdezid0fvg71.jpg',2021-08-12 11:55:15,p2u7bx
25,b'Thanks cashier',2590,b'https://i.redd.it/cibrqbsw0wg71.jpg',2021-08-12 13:57:58,p2vnve
26,"b'Wow, such empty'",3684,b'https://i.redd.it/yator1gqovg71.png',2021-08-12 12:50:05,p2uvk8
27,"b""Now that's pain+ other""",4055,b'https://i.redd.it/hmhe5no7kvg71.jpg',2021-08-12 12:24:23,p2uk3h
28,b'The dream of every mod',45,b'https://i.redd.it/41ydarzscvg71.png',2021-08-12 11:42:59,p2u1vc
29,b'Ever watched one?',2719,b'https://i.redd.it/yk77iw3xwvg71.jpg',2021-08-12 13:35:36,p2veq4
30,"b""The party don't stop just because you gotta go....""",3297,b'https://i.redd.it/fz873sftqvg71.jpg',2021-08-12 13:01:25,p2v0hb
31,b'Me when the',144,b'https://i.redd.it/4jf875umwug71.jpg',2021-08-12 10:12:12,p2ss7e
32,b'pretty much learned this in coding class today',10008,b'https://i.redd.it/azwd5ldfyug71.jpg',2021-08-12 10:22:19,p2sxs6
33,b'How about NEVER',1911,b'https://i.redd.it/4vzev7q89wg71.gif',2021-08-12 14:44:57,p2w7sa
34,"b""Glad to know I'm still ugly.""",9847,b'https://i.redd.it/dia4xk1lxug71.jpg',2021-08-12 10:17:33,p2sv7z
35,b'centuries ahead',2164,b'https://i.redd.it/uiyjvgf83wg71.jpg',2021-08-12 14:11:02,p2vtc5
36,b'Sea otters give me strength',7258,b'https://i.redd.it/91yivd951vg71.gif',2021-08-12 10:39:12,p2t6ge
37,b'Gym Trainer Skeletor',5920,b'https://i.redd.it/hhoshsjs4vg71.jpg',2021-08-12 10:58:29,p2tfzi
38,b'A meme for the bois',1363,b'https://i.redd.it/5vwjqv5v1wg71.jpg',2021-08-12 14:03:19,p2vq67
39,b'It is music',5176,b'https://i.redd.it/ds99cusm4vg71.jpg',2021-08-12 10:57:04,p2tfb5
